{
  "name": "owb-ponteville-bridge",
  "title": "Ponteville Bridge",
  "description": "<p>Resistance at the Ponteville Bridge is an introductory support mission for a group of three to six operatives of 1st-3rd level.</p>\n<p>The Allies are planning a large raid on the fictional port city of St. Croix la Mer and the characters must destroy a key set of crossings in order to prevent German reinforcements from reaching the coast.</p>\n<p>The mission is a \"mini-sandbox\" that includes sabotage as well as opportunities for combat and roleplaying, so a good mix of Character Classes is suggested.</p>\n<p> </p>\n<p>This scenario textual content are copyright Small Niche Games TM, and are reproduced by kind permission of Peter C. Spahn.</p>",
  "version": "1.0.2",
  "minimumCoreVersion": "10",
  "compatibleCoreVersion": "10.291",
  "compatibility": {
    "minimum": 10,
    "verified": "10.290"
  },
  "scripts": [],
  "esmodules": [],
  "styles": [],
  "packs": [],
  "languages": [],
  "author": "chrisesharp",
  "authors": [
    {
      "name": "chrisesharp",
      "email": "",
      "discord": ""
    }
  ],
  "keywords": [],
  "socket": false,
  "url": "https://github.com/chrisesharp/foundryvtt-owb-ponteville",
  "manifest": "https://raw.githubusercontent.com/chrisesharp/foundryvtt-owb-ponteville/master/world.json",
  "download": "",
  "license": "",
  "readme": "",
  "bugs": "",
  "changelog": "",
  "background": "worlds/owb-ponteville-bridge/assets/europe-1940.jpg",
  "relationships": {
    "systems": [
      {
        "id": "owb",
        "type": "system",
        "manifest": "https://raw.githubusercontent.com/chrisesharp/foundryvtt-owb/master/src/system.json"
      }
    ],
    "requires": [
      {
        "id": "owb-content",
        "type": "module",
        "manifest": "https://raw.githubusercontent.com/chrisesharp/foundryvtt-owb-content/master/src/module.json"
      }
    ]
  },
  "availability": 0,
  "unavailable": false,
  "id": "owb-ponteville-bridge"
}